{
  "accuracy": 0.5540000200271606,
  "loss": 1.647518515586853,
  "epochs": 20,
  "species": 100
}